atime,name.1,zeros,w.1.1,link.1.2,name.2,p.1.2,w.2.1,link.2.3,name.3,p.2.3,w.3
1.0,client_vm,0,100,default,vnf_fw,1000,100,,,,
1.0,client_vm,0,100,default,vnf_fw,1000,100,,,,
1.0,client_vm,0,100,default,vnf_fw,1000,100,,,,
1.0,client_vm,0,100,default,vnf_fw,1000,100,,,,
1.0,client_vm,0,100,default,vnf_fw,1000,100,,,,
1.0,client_vm,0,100,default,vnf_fw,1000,100,,,,
1.0,client_vm,0,100,default,vnf_fw,1000,100,,,,
1.0,client_vm,0,100,default,vnf_fw,1000,100,,,,
1.0,client_vm,0,100,default,vnf_fw,1000,100,,,,
1.0,client_vm,0,100,default,vnf_fw,1000,100,,,,
1.0,client_vm,0,100,default,vnf_fw,1000,100,,,,
1.0,client_vm,0,100,default,vnf_fw,1000,100,,,,
1.0,client_vm,0,100,default,vnf_fw,1000,100,,,,
1.0,client_vm,0,100,default,vnf_fw,1000,100,,,,
1.0,client_vm,0,100,default,vnf_fw,1000,100,,,,
2.0,client_vm,0,100,default,vnf_fw,1000,100,,,,
2.0,client_vm,0,100,default,vnf_fw,1000,100,,,,
2.0,client_vm,0,100,default,vnf_fw,1000,100,,,,
2.0,client_vm,0,100,default,vnf_fw,1000,100,,,,
2.0,client_vm,0,100,default,vnf_fw,1000,100,,,,
2.0,client_vm,0,100,default,vnf_fw,1000,100,,,,
2.0,client_vm,0,100,default,vnf_fw,1000,100,,,,
2.0,client_vm,0,100,default,vnf_fw,1000,100,,,,
2.0,client_vm,0,100,default,vnf_fw,1000,100,,,,
2.0,client_vm,0,100,default,vnf_fw,1000,100,,,,
2.0,client_vm,0,100,default,vnf_fw,1000,100,,,,
2.0,client_vm,0,100,default,vnf_fw,1000,100,,,,
2.0,client_vm,0,100,default,vnf_fw,1000,100,,,,
2.0,client_vm,0,100,default,vnf_fw,1000,100,,,,
2.0,client_vm,0,100,default,vnf_fw,1000,100,,,,
3.0,client_vm,0,100,default,vnf_fw,1000,100,,,,
3.0,client_vm,0,100,default,vnf_fw,1000,100,,,,
3.0,client_vm,0,100,default,vnf_fw,1000,100,,,,
3.0,client_vm,0,100,default,vnf_fw,1000,100,,,,
3.0,client_vm,0,100,default,vnf_fw,1000,100,,,,
3.0,client_vm,0,100,default,vnf_fw,1000,100,,,,
3.0,client_vm,0,100,default,vnf_fw,1000,100,,,,
3.0,client_vm,0,100,default,vnf_fw,1000,100,,,,
3.0,client_vm,0,100,default,vnf_fw,1000,100,,,,
3.0,client_vm,0,100,default,vnf_fw,1000,100,,,,
3.0,client_vm,0,100,default,vnf_fw,1000,100,,,,
3.0,client_vm,0,100,default,vnf_fw,1000,100,,,,
3.0,client_vm,0,100,default,vnf_fw,1000,100,,,,
3.0,client_vm,0,100,default,vnf_fw,1000,100,,,,
3.0,client_vm,0,100,default,vnf_fw,1000,100,,,,
4.0,client_vm,0,100,default,vnf_fw,1000,100,,,,
4.0,client_vm,0,100,default,vnf_fw,1000,100,,,,
4.0,client_vm,0,100,default,vnf_fw,1000,100,,,,
4.0,client_vm,0,100,default,vnf_fw,1000,100,,,,
4.0,client_vm,0,100,default,vnf_fw,1000,100,,,,
4.0,client_vm,0,100,default,vnf_fw,1000,100,,,,
4.0,client_vm,0,100,default,vnf_fw,1000,100,,,,
4.0,client_vm,0,100,default,vnf_fw,1000,100,,,,
4.0,client_vm,0,100,default,vnf_fw,1000,100,,,,
4.0,client_vm,0,100,default,vnf_fw,1000,100,,,,
4.0,client_vm,0,100,default,vnf_fw,1000,100,,,,
4.0,client_vm,0,100,default,vnf_fw,1000,100,,,,
4.0,client_vm,0,100,default,vnf_fw,1000,100,,,,
4.0,client_vm,0,100,default,vnf_fw,1000,100,,,,
4.0,client_vm,0,100,default,vnf_fw,1000,100,,,,
5.0,client_vm,0,100,default,vnf_fw,1000,100,,,,
5.0,client_vm,0,100,default,vnf_fw,1000,100,,,,
5.0,client_vm,0,100,default,vnf_fw,1000,100,,,,
5.0,client_vm,0,100,default,vnf_fw,1000,100,,,,
5.0,client_vm,0,100,default,vnf_fw,1000,100,,,,
5.0,client_vm,0,100,default,vnf_fw,1000,100,,,,
5.0,client_vm,0,100,default,vnf_fw,1000,100,,,,
5.0,client_vm,0,100,default,vnf_fw,1000,100,,,,
5.0,client_vm,0,100,default,vnf_fw,1000,100,,,,
5.0,client_vm,0,100,default,vnf_fw,1000,100,,,,
5.0,client_vm,0,100,default,vnf_fw,1000,100,,,,
5.0,client_vm,0,100,default,vnf_fw,1000,100,,,,
5.0,client_vm,0,100,default,vnf_fw,1000,100,,,,
5.0,client_vm,0,100,default,vnf_fw,1000,100,,,,
5.0,client_vm,0,100,default,vnf_fw,1000,100,,,,
6.0,client_vm,0,100,default,vnf_fw,1000,100,,,,
6.0,client_vm,0,100,default,vnf_fw,1000,100,,,,
6.0,client_vm,0,100,default,vnf_fw,1000,100,,,,
6.0,client_vm,0,100,default,vnf_fw,1000,100,,,,
6.0,client_vm,0,100,default,vnf_fw,1000,100,,,,
6.0,client_vm,0,100,default,vnf_fw,1000,100,,,,
6.0,client_vm,0,100,default,vnf_fw,1000,100,,,,
6.0,client_vm,0,100,default,vnf_fw,1000,100,,,,
6.0,client_vm,0,100,default,vnf_fw,1000,100,,,,
6.0,client_vm,0,100,default,vnf_fw,1000,100,,,,
6.0,client_vm,0,100,default,vnf_fw,1000,100,,,,
6.0,client_vm,0,100,default,vnf_fw,1000,100,,,,
6.0,client_vm,0,100,default,vnf_fw,1000,100,,,,
6.0,client_vm,0,100,default,vnf_fw,1000,100,,,,
6.0,client_vm,0,100,default,vnf_fw,1000,100,,,,
7.0,client_vm,0,100,default,vnf_fw,1000,100,,,,
7.0,client_vm,0,100,default,vnf_fw,1000,100,,,,
7.0,client_vm,0,100,default,vnf_fw,1000,100,,,,
7.0,client_vm,0,100,default,vnf_fw,1000,100,,,,
7.0,client_vm,0,100,default,vnf_fw,1000,100,,,,
7.0,client_vm,0,100,default,vnf_fw,1000,100,,,,
7.0,client_vm,0,100,default,vnf_fw,1000,100,,,,
7.0,client_vm,0,100,default,vnf_fw,1000,100,,,,
7.0,client_vm,0,100,default,vnf_fw,1000,100,,,,
7.0,client_vm,0,100,default,vnf_fw,1000,100,,,,
7.0,client_vm,0,100,default,vnf_fw,1000,100,,,,
7.0,client_vm,0,100,default,vnf_fw,1000,100,,,,
7.0,client_vm,0,100,default,vnf_fw,1000,100,,,,
7.0,client_vm,0,100,default,vnf_fw,1000,100,,,,
7.0,client_vm,0,100,default,vnf_fw,1000,100,,,,
8.0,client_vm,0,100,default,vnf_fw,1000,100,,,,
8.0,client_vm,0,100,default,vnf_fw,1000,100,,,,
8.0,client_vm,0,100,default,vnf_fw,1000,100,,,,
8.0,client_vm,0,100,default,vnf_fw,1000,100,,,,
8.0,client_vm,0,100,default,vnf_fw,1000,100,,,,
8.0,client_vm,0,100,default,vnf_fw,1000,100,,,,
8.0,client_vm,0,100,default,vnf_fw,1000,100,,,,
8.0,client_vm,0,100,default,vnf_fw,1000,100,,,,
8.0,client_vm,0,100,default,vnf_fw,1000,100,,,,
8.0,client_vm,0,100,default,vnf_fw,1000,100,,,,
8.0,client_vm,0,100,default,vnf_fw,1000,100,,,,
8.0,client_vm,0,100,default,vnf_fw,1000,100,,,,
8.0,client_vm,0,100,default,vnf_fw,1000,100,,,,
8.0,client_vm,0,100,default,vnf_fw,1000,100,,,,
8.0,client_vm,0,100,default,vnf_fw,1000,100,,,,
9.0,client_vm,0,100,default,vnf_fw,1000,100,,,,
9.0,client_vm,0,100,default,vnf_fw,1000,100,,,,
9.0,client_vm,0,100,default,vnf_fw,1000,100,,,,
9.0,client_vm,0,100,default,vnf_fw,1000,100,,,,
9.0,client_vm,0,100,default,vnf_fw,1000,100,,,,
9.0,client_vm,0,100,default,vnf_fw,1000,100,,,,
9.0,client_vm,0,100,default,vnf_fw,1000,100,,,,
9.0,client_vm,0,100,default,vnf_fw,1000,100,,,,
9.0,client_vm,0,100,default,vnf_fw,1000,100,,,,
9.0,client_vm,0,100,default,vnf_fw,1000,100,,,,
9.0,client_vm,0,100,default,vnf_fw,1000,100,,,,
9.0,client_vm,0,100,default,vnf_fw,1000,100,,,,
9.0,client_vm,0,100,default,vnf_fw,1000,100,,,,
9.0,client_vm,0,100,default,vnf_fw,1000,100,,,,
9.0,client_vm,0,100,default,vnf_fw,1000,100,,,,
10.0,client_vm,0,100,default,vnf_fw,1000,100,,,,
10.0,client_vm,0,100,default,vnf_fw,1000,100,,,,
10.0,client_vm,0,100,default,vnf_fw,1000,100,,,,
10.0,client_vm,0,100,default,vnf_fw,1000,100,,,,
10.0,client_vm,0,100,default,vnf_fw,1000,100,,,,
10.0,client_vm,0,100,default,vnf_fw,1000,100,,,,
10.0,client_vm,0,100,default,vnf_fw,1000,100,,,,
10.0,client_vm,0,100,default,vnf_fw,1000,100,,,,
10.0,client_vm,0,100,default,vnf_fw,1000,100,,,,
10.0,client_vm,0,100,default,vnf_fw,1000,100,,,,
10.0,client_vm,0,100,default,vnf_fw,1000,100,,,,
10.0,client_vm,0,100,default,vnf_fw,1000,100,,,,
10.0,client_vm,0,100,default,vnf_fw,1000,100,,,,
10.0,client_vm,0,100,default,vnf_fw,1000,100,,,,
10.0,client_vm,0,100,default,vnf_fw,1000,100,,,,
11.0,client_vm,0,100,default,vnf_fw,1000,100,,,,
11.0,client_vm,0,100,default,vnf_fw,1000,100,,,,
11.0,client_vm,0,100,default,vnf_fw,1000,100,,,,
11.0,client_vm,0,100,default,vnf_fw,1000,100,,,,
11.0,client_vm,0,100,default,vnf_fw,1000,100,,,,
11.0,client_vm,0,100,default,vnf_fw,1000,100,,,,
11.0,client_vm,0,100,default,vnf_fw,1000,100,,,,
11.0,client_vm,0,100,default,vnf_fw,1000,100,,,,
11.0,client_vm,0,100,default,vnf_fw,1000,100,,,,
11.0,client_vm,0,100,default,vnf_fw,1000,100,,,,
11.0,client_vm,0,100,default,vnf_fw,1000,100,,,,
11.0,client_vm,0,100,default,vnf_fw,1000,100,,,,
11.0,client_vm,0,100,default,vnf_fw,1000,100,,,,
11.0,client_vm,0,100,default,vnf_fw,1000,100,,,,
11.0,client_vm,0,100,default,vnf_fw,1000,100,,,,
12.0,client_vm,0,100,default,vnf_fw,1000,100,,,,
12.0,client_vm,0,100,default,vnf_fw,1000,100,,,,
12.0,client_vm,0,100,default,vnf_fw,1000,100,,,,
12.0,client_vm,0,100,default,vnf_fw,1000,100,,,,
12.0,client_vm,0,100,default,vnf_fw,1000,100,,,,
12.0,client_vm,0,100,default,vnf_fw,1000,100,,,,
12.0,client_vm,0,100,default,vnf_fw,1000,100,,,,
12.0,client_vm,0,100,default,vnf_fw,1000,100,,,,
12.0,client_vm,0,100,default,vnf_fw,1000,100,,,,
12.0,client_vm,0,100,default,vnf_fw,1000,100,,,,
12.0,client_vm,0,100,default,vnf_fw,1000,100,,,,
12.0,client_vm,0,100,default,vnf_fw,1000,100,,,,
12.0,client_vm,0,100,default,vnf_fw,1000,100,,,,
12.0,client_vm,0,100,default,vnf_fw,1000,100,,,,
12.0,client_vm,0,100,default,vnf_fw,1000,100,,,,
13.0,client_vm,0,100,default,vnf_fw,1000,100,,,,
13.0,client_vm,0,100,default,vnf_fw,1000,100,,,,
13.0,client_vm,0,100,default,vnf_fw,1000,100,,,,
13.0,client_vm,0,100,default,vnf_fw,1000,100,,,,
13.0,client_vm,0,100,default,vnf_fw,1000,100,,,,
13.0,client_vm,0,100,default,vnf_fw,1000,100,,,,
13.0,client_vm,0,100,default,vnf_fw,1000,100,,,,
13.0,client_vm,0,100,default,vnf_fw,1000,100,,,,
13.0,client_vm,0,100,default,vnf_fw,1000,100,,,,
13.0,client_vm,0,100,default,vnf_fw,1000,100,,,,
13.0,client_vm,0,100,default,vnf_fw,1000,100,,,,
13.0,client_vm,0,100,default,vnf_fw,1000,100,,,,
13.0,client_vm,0,100,default,vnf_fw,1000,100,,,,
13.0,client_vm,0,100,default,vnf_fw,1000,100,,,,
13.0,client_vm,0,100,default,vnf_fw,1000,100,,,,
14.0,client_vm,0,100,default,vnf_fw,1000,100,,,,
14.0,client_vm,0,100,default,vnf_fw,1000,100,,,,
14.0,client_vm,0,100,default,vnf_fw,1000,100,,,,
14.0,client_vm,0,100,default,vnf_fw,1000,100,,,,
14.0,client_vm,0,100,default,vnf_fw,1000,100,,,,
14.0,client_vm,0,100,default,vnf_fw,1000,100,,,,
14.0,client_vm,0,100,default,vnf_fw,1000,100,,,,
14.0,client_vm,0,100,default,vnf_fw,1000,100,,,,
14.0,client_vm,0,100,default,vnf_fw,1000,100,,,,
14.0,client_vm,0,100,default,vnf_fw,1000,100,,,,
14.0,client_vm,0,100,default,vnf_fw,1000,100,,,,
14.0,client_vm,0,100,default,vnf_fw,1000,100,,,,
14.0,client_vm,0,100,default,vnf_fw,1000,100,,,,
14.0,client_vm,0,100,default,vnf_fw,1000,100,,,,
14.0,client_vm,0,100,default,vnf_fw,1000,100,,,,
15.0,client_vm,0,100,default,vnf_fw,1000,100,,,,
15.0,client_vm,0,100,default,vnf_fw,1000,100,,,,
15.0,client_vm,0,100,default,vnf_fw,1000,100,,,,
15.0,client_vm,0,100,default,vnf_fw,1000,100,,,,
15.0,client_vm,0,100,default,vnf_fw,1000,100,,,,
15.0,client_vm,0,100,default,vnf_fw,1000,100,,,,
15.0,client_vm,0,100,default,vnf_fw,1000,100,,,,
15.0,client_vm,0,100,default,vnf_fw,1000,100,,,,
15.0,client_vm,0,100,default,vnf_fw,1000,100,,,,
15.0,client_vm,0,100,default,vnf_fw,1000,100,,,,
15.0,client_vm,0,100,default,vnf_fw,1000,100,,,,
15.0,client_vm,0,100,default,vnf_fw,1000,100,,,,
15.0,client_vm,0,100,default,vnf_fw,1000,100,,,,
15.0,client_vm,0,100,default,vnf_fw,1000,100,,,,
15.0,client_vm,0,100,default,vnf_fw,1000,100,,,,
16.0,client_vm,0,100,default,vnf_fw,1000,100,,,,
16.0,client_vm,0,100,default,vnf_fw,1000,100,,,,
16.0,client_vm,0,100,default,vnf_fw,1000,100,,,,
16.0,client_vm,0,100,default,vnf_fw,1000,100,,,,
16.0,client_vm,0,100,default,vnf_fw,1000,100,,,,
16.0,client_vm,0,100,default,vnf_fw,1000,100,,,,
16.0,client_vm,0,100,default,vnf_fw,1000,100,,,,
16.0,client_vm,0,100,default,vnf_fw,1000,100,,,,
16.0,client_vm,0,100,default,vnf_fw,1000,100,,,,
16.0,client_vm,0,100,default,vnf_fw,1000,100,,,,
16.0,client_vm,0,100,default,vnf_fw,1000,100,,,,
16.0,client_vm,0,100,default,vnf_fw,1000,100,,,,
16.0,client_vm,0,100,default,vnf_fw,1000,100,,,,
16.0,client_vm,0,100,default,vnf_fw,1000,100,,,,
16.0,client_vm,0,100,default,vnf_fw,1000,100,,,,
17.0,client_vm,0,100,default,vnf_fw,1000,100,,,,
17.0,client_vm,0,100,default,vnf_fw,1000,100,,,,
17.0,client_vm,0,100,default,vnf_fw,1000,100,,,,
17.0,client_vm,0,100,default,vnf_fw,1000,100,,,,
17.0,client_vm,0,100,default,vnf_fw,1000,100,,,,
17.0,client_vm,0,100,default,vnf_fw,1000,100,,,,
17.0,client_vm,0,100,default,vnf_fw,1000,100,,,,
17.0,client_vm,0,100,default,vnf_fw,1000,100,,,,
17.0,client_vm,0,100,default,vnf_fw,1000,100,,,,
17.0,client_vm,0,100,default,vnf_fw,1000,100,,,,
17.0,client_vm,0,100,default,vnf_fw,1000,100,,,,
17.0,client_vm,0,100,default,vnf_fw,1000,100,,,,
17.0,client_vm,0,100,default,vnf_fw,1000,100,,,,
17.0,client_vm,0,100,default,vnf_fw,1000,100,,,,
17.0,client_vm,0,100,default,vnf_fw,1000,100,,,,
18.0,client_vm,0,100,default,vnf_fw,1000,100,,,,
18.0,client_vm,0,100,default,vnf_fw,1000,100,,,,
18.0,client_vm,0,100,default,vnf_fw,1000,100,,,,
18.0,client_vm,0,100,default,vnf_fw,1000,100,,,,
18.0,client_vm,0,100,default,vnf_fw,1000,100,,,,
18.0,client_vm,0,100,default,vnf_fw,1000,100,,,,
18.0,client_vm,0,100,default,vnf_fw,1000,100,,,,
18.0,client_vm,0,100,default,vnf_fw,1000,100,,,,
18.0,client_vm,0,100,default,vnf_fw,1000,100,,,,
18.0,client_vm,0,100,default,vnf_fw,1000,100,,,,
18.0,client_vm,0,100,default,vnf_fw,1000,100,,,,
18.0,client_vm,0,100,default,vnf_fw,1000,100,,,,
18.0,client_vm,0,100,default,vnf_fw,1000,100,,,,
18.0,client_vm,0,100,default,vnf_fw,1000,100,,,,
18.0,client_vm,0,100,default,vnf_fw,1000,100,,,,
19.0,client_vm,0,100,default,vnf_fw,1000,100,,,,
19.0,client_vm,0,100,default,vnf_fw,1000,100,,,,
19.0,client_vm,0,100,default,vnf_fw,1000,100,,,,
19.0,client_vm,0,100,default,vnf_fw,1000,100,,,,
19.0,client_vm,0,100,default,vnf_fw,1000,100,,,,
19.0,client_vm,0,100,default,vnf_fw,1000,100,,,,
19.0,client_vm,0,100,default,vnf_fw,1000,100,,,,
19.0,client_vm,0,100,default,vnf_fw,1000,100,,,,
19.0,client_vm,0,100,default,vnf_fw,1000,100,,,,
19.0,client_vm,0,100,default,vnf_fw,1000,100,,,,
19.0,client_vm,0,100,default,vnf_fw,1000,100,,,,
19.0,client_vm,0,100,default,vnf_fw,1000,100,,,,
19.0,client_vm,0,100,default,vnf_fw,1000,100,,,,
19.0,client_vm,0,100,default,vnf_fw,1000,100,,,,
19.0,client_vm,0,100,default,vnf_fw,1000,100,,,,
20.0,client_vm,0,100,default,vnf_fw,1000,100,,,,
20.0,client_vm,0,100,default,vnf_fw,1000,100,,,,
20.0,client_vm,0,100,default,vnf_fw,1000,100,,,,
20.0,client_vm,0,100,default,vnf_fw,1000,100,,,,
20.0,client_vm,0,100,default,vnf_fw,1000,100,,,,
20.0,client_vm,0,100,default,vnf_fw,1000,100,,,,
20.0,client_vm,0,100,default,vnf_fw,1000,100,,,,
20.0,client_vm,0,100,default,vnf_fw,1000,100,,,,
20.0,client_vm,0,100,default,vnf_fw,1000,100,,,,
20.0,client_vm,0,100,default,vnf_fw,1000,100,,,,
20.0,client_vm,0,100,default,vnf_fw,1000,100,,,,
20.0,client_vm,0,100,default,vnf_fw,1000,100,,,,
20.0,client_vm,0,100,default,vnf_fw,1000,100,,,,
20.0,client_vm,0,100,default,vnf_fw,1000,100,,,,
20.0,client_vm,0,100,default,vnf_fw,1000,100,,,,
21.0,client_vm,0,100,default,vnf_fw,1000,100,,,,
21.0,client_vm,0,100,default,vnf_fw,1000,100,,,,
21.0,client_vm,0,100,default,vnf_fw,1000,100,,,,
21.0,client_vm,0,100,default,vnf_fw,1000,100,,,,
21.0,client_vm,0,100,default,vnf_fw,1000,100,,,,
21.0,client_vm,0,100,default,vnf_fw,1000,100,,,,
21.0,client_vm,0,100,default,vnf_fw,1000,100,,,,
21.0,client_vm,0,100,default,vnf_fw,1000,100,,,,
21.0,client_vm,0,100,default,vnf_fw,1000,100,,,,
21.0,client_vm,0,100,default,vnf_fw,1000,100,,,,
21.0,client_vm,0,100,default,vnf_fw,1000,100,,,,
21.0,client_vm,0,100,default,vnf_fw,1000,100,,,,
21.0,client_vm,0,100,default,vnf_fw,1000,100,,,,
21.0,client_vm,0,100,default,vnf_fw,1000,100,,,,
21.0,client_vm,0,100,default,vnf_fw,1000,100,,,,
22.0,client_vm,0,100,default,vnf_fw,1000,100,,,,
22.0,client_vm,0,100,default,vnf_fw,1000,100,,,,
22.0,client_vm,0,100,default,vnf_fw,1000,100,,,,
22.0,client_vm,0,100,default,vnf_fw,1000,100,,,,
22.0,client_vm,0,100,default,vnf_fw,1000,100,,,,
22.0,client_vm,0,100,default,vnf_fw,1000,100,,,,
22.0,client_vm,0,100,default,vnf_fw,1000,100,,,,
22.0,client_vm,0,100,default,vnf_fw,1000,100,,,,
22.0,client_vm,0,100,default,vnf_fw,1000,100,,,,
22.0,client_vm,0,100,default,vnf_fw,1000,100,,,,
22.0,client_vm,0,100,default,vnf_fw,1000,100,,,,
22.0,client_vm,0,100,default,vnf_fw,1000,100,,,,
22.0,client_vm,0,100,default,vnf_fw,1000,100,,,,
22.0,client_vm,0,100,default,vnf_fw,1000,100,,,,
22.0,client_vm,0,100,default,vnf_fw,1000,100,,,,
23.0,client_vm,0,100,default,vnf_fw,1000,100,,,,
23.0,client_vm,0,100,default,vnf_fw,1000,100,,,,
23.0,client_vm,0,100,default,vnf_fw,1000,100,,,,
23.0,client_vm,0,100,default,vnf_fw,1000,100,,,,
23.0,client_vm,0,100,default,vnf_fw,1000,100,,,,
23.0,client_vm,0,100,default,vnf_fw,1000,100,,,,
23.0,client_vm,0,100,default,vnf_fw,1000,100,,,,
23.0,client_vm,0,100,default,vnf_fw,1000,100,,,,
23.0,client_vm,0,100,default,vnf_fw,1000,100,,,,
23.0,client_vm,0,100,default,vnf_fw,1000,100,,,,
23.0,client_vm,0,100,default,vnf_fw,1000,100,,,,
23.0,client_vm,0,100,default,vnf_fw,1000,100,,,,
23.0,client_vm,0,100,default,vnf_fw,1000,100,,,,
23.0,client_vm,0,100,default,vnf_fw,1000,100,,,,
23.0,client_vm,0,100,default,vnf_fw,1000,100,,,,
24.0,client_vm,0,100,default,vnf_fw,1000,100,,,,
24.0,client_vm,0,100,default,vnf_fw,1000,100,,,,
24.0,client_vm,0,100,default,vnf_fw,1000,100,,,,
24.0,client_vm,0,100,default,vnf_fw,1000,100,,,,
24.0,client_vm,0,100,default,vnf_fw,1000,100,,,,
24.0,client_vm,0,100,default,vnf_fw,1000,100,,,,
24.0,client_vm,0,100,default,vnf_fw,1000,100,,,,
24.0,client_vm,0,100,default,vnf_fw,1000,100,,,,
24.0,client_vm,0,100,default,vnf_fw,1000,100,,,,
24.0,client_vm,0,100,default,vnf_fw,1000,100,,,,
24.0,client_vm,0,100,default,vnf_fw,1000,100,,,,
24.0,client_vm,0,100,default,vnf_fw,1000,100,,,,
24.0,client_vm,0,100,default,vnf_fw,1000,100,,,,
24.0,client_vm,0,100,default,vnf_fw,1000,100,,,,
24.0,client_vm,0,100,default,vnf_fw,1000,100,,,,
25.0,client_vm,0,100,default,vnf_fw,1000,100,,,,
25.0,client_vm,0,100,default,vnf_fw,1000,100,,,,
25.0,client_vm,0,100,default,vnf_fw,1000,100,,,,
25.0,client_vm,0,100,default,vnf_fw,1000,100,,,,
25.0,client_vm,0,100,default,vnf_fw,1000,100,,,,
25.0,client_vm,0,100,default,vnf_fw,1000,100,,,,
25.0,client_vm,0,100,default,vnf_fw,1000,100,,,,
25.0,client_vm,0,100,default,vnf_fw,1000,100,,,,
25.0,client_vm,0,100,default,vnf_fw,1000,100,,,,
25.0,client_vm,0,100,default,vnf_fw,1000,100,,,,
25.0,client_vm,0,100,default,vnf_fw,1000,100,,,,
25.0,client_vm,0,100,default,vnf_fw,1000,100,,,,
25.0,client_vm,0,100,default,vnf_fw,1000,100,,,,
25.0,client_vm,0,100,default,vnf_fw,1000,100,,,,
25.0,client_vm,0,100,default,vnf_fw,1000,100,,,,
26.0,client_vm,0,100,default,vnf_fw,1000,100,,,,
26.0,client_vm,0,100,default,vnf_fw,1000,100,,,,
26.0,client_vm,0,100,default,vnf_fw,1000,100,,,,
26.0,client_vm,0,100,default,vnf_fw,1000,100,,,,
26.0,client_vm,0,100,default,vnf_fw,1000,100,,,,
26.0,client_vm,0,100,default,vnf_fw,1000,100,,,,
26.0,client_vm,0,100,default,vnf_fw,1000,100,,,,
26.0,client_vm,0,100,default,vnf_fw,1000,100,,,,
26.0,client_vm,0,100,default,vnf_fw,1000,100,,,,
26.0,client_vm,0,100,default,vnf_fw,1000,100,,,,
26.0,client_vm,0,100,default,vnf_fw,1000,100,,,,
26.0,client_vm,0,100,default,vnf_fw,1000,100,,,,
26.0,client_vm,0,100,default,vnf_fw,1000,100,,,,
26.0,client_vm,0,100,default,vnf_fw,1000,100,,,,
26.0,client_vm,0,100,default,vnf_fw,1000,100,,,,
27.0,client_vm,0,100,default,vnf_fw,1000,100,,,,
27.0,client_vm,0,100,default,vnf_fw,1000,100,,,,
27.0,client_vm,0,100,default,vnf_fw,1000,100,,,,
27.0,client_vm,0,100,default,vnf_fw,1000,100,,,,
27.0,client_vm,0,100,default,vnf_fw,1000,100,,,,
27.0,client_vm,0,100,default,vnf_fw,1000,100,,,,
27.0,client_vm,0,100,default,vnf_fw,1000,100,,,,
27.0,client_vm,0,100,default,vnf_fw,1000,100,,,,
27.0,client_vm,0,100,default,vnf_fw,1000,100,,,,
27.0,client_vm,0,100,default,vnf_fw,1000,100,,,,
27.0,client_vm,0,100,default,vnf_fw,1000,100,,,,
27.0,client_vm,0,100,default,vnf_fw,1000,100,,,,
27.0,client_vm,0,100,default,vnf_fw,1000,100,,,,
27.0,client_vm,0,100,default,vnf_fw,1000,100,,,,
27.0,client_vm,0,100,default,vnf_fw,1000,100,,,,
28.0,client_vm,0,100,default,vnf_fw,1000,100,,,,
28.0,client_vm,0,100,default,vnf_fw,1000,100,,,,
28.0,client_vm,0,100,default,vnf_fw,1000,100,,,,
28.0,client_vm,0,100,default,vnf_fw,1000,100,,,,
28.0,client_vm,0,100,default,vnf_fw,1000,100,,,,
28.0,client_vm,0,100,default,vnf_fw,1000,100,,,,
28.0,client_vm,0,100,default,vnf_fw,1000,100,,,,
28.0,client_vm,0,100,default,vnf_fw,1000,100,,,,
28.0,client_vm,0,100,default,vnf_fw,1000,100,,,,
28.0,client_vm,0,100,default,vnf_fw,1000,100,,,,
28.0,client_vm,0,100,default,vnf_fw,1000,100,,,,
28.0,client_vm,0,100,default,vnf_fw,1000,100,,,,
28.0,client_vm,0,100,default,vnf_fw,1000,100,,,,
28.0,client_vm,0,100,default,vnf_fw,1000,100,,,,
28.0,client_vm,0,100,default,vnf_fw,1000,100,,,,
29.0,client_vm,0,100,default,vnf_fw,1000,100,,,,
29.0,client_vm,0,100,default,vnf_fw,1000,100,,,,
29.0,client_vm,0,100,default,vnf_fw,1000,100,,,,
29.0,client_vm,0,100,default,vnf_fw,1000,100,,,,
29.0,client_vm,0,100,default,vnf_fw,1000,100,,,,
29.0,client_vm,0,100,default,vnf_fw,1000,100,,,,
29.0,client_vm,0,100,default,vnf_fw,1000,100,,,,
29.0,client_vm,0,100,default,vnf_fw,1000,100,,,,
29.0,client_vm,0,100,default,vnf_fw,1000,100,,,,
29.0,client_vm,0,100,default,vnf_fw,1000,100,,,,
29.0,client_vm,0,100,default,vnf_fw,1000,100,,,,
29.0,client_vm,0,100,default,vnf_fw,1000,100,,,,
29.0,client_vm,0,100,default,vnf_fw,1000,100,,,,
29.0,client_vm,0,100,default,vnf_fw,1000,100,,,,
29.0,client_vm,0,100,default,vnf_fw,1000,100,,,,
30.0,client_vm,0,100,default,vnf_fw,1000,100,,,,
30.0,client_vm,0,100,default,vnf_fw,1000,100,,,,
30.0,client_vm,0,100,default,vnf_fw,1000,100,,,,
30.0,client_vm,0,100,default,vnf_fw,1000,100,,,,
30.0,client_vm,0,100,default,vnf_fw,1000,100,,,,
30.0,client_vm,0,100,default,vnf_fw,1000,100,,,,
30.0,client_vm,0,100,default,vnf_fw,1000,100,,,,
30.0,client_vm,0,100,default,vnf_fw,1000,100,,,,
30.0,client_vm,0,100,default,vnf_fw,1000,100,,,,
30.0,client_vm,0,100,default,vnf_fw,1000,100,,,,
30.0,client_vm,0,100,default,vnf_fw,1000,100,,,,
30.0,client_vm,0,100,default,vnf_fw,1000,100,,,,
30.0,client_vm,0,100,default,vnf_fw,1000,100,,,,
30.0,client_vm,0,100,default,vnf_fw,1000,100,,,,
30.0,client_vm,0,100,default,vnf_fw,1000,100,,,,
31.0,client_vm,0,100,default,vnf_fw,1000,100,,,,
31.0,client_vm,0,100,default,vnf_fw,1000,100,,,,
31.0,client_vm,0,100,default,vnf_fw,1000,100,,,,
31.0,client_vm,0,100,default,vnf_fw,1000,100,,,,
31.0,client_vm,0,100,default,vnf_fw,1000,100,,,,
31.0,client_vm,0,100,default,vnf_fw,1000,100,,,,
31.0,client_vm,0,100,default,vnf_fw,1000,100,,,,
31.0,client_vm,0,100,default,vnf_fw,1000,100,,,,
31.0,client_vm,0,100,default,vnf_fw,1000,100,,,,
31.0,client_vm,0,100,default,vnf_fw,1000,100,,,,
31.0,client_vm,0,100,default,vnf_fw,1000,100,,,,
31.0,client_vm,0,100,default,vnf_fw,1000,100,,,,
31.0,client_vm,0,100,default,vnf_fw,1000,100,,,,
31.0,client_vm,0,100,default,vnf_fw,1000,100,,,,
31.0,client_vm,0,100,default,vnf_fw,1000,100,,,,
32.0,client_vm,0,100,default,vnf_fw,1000,100,,,,
32.0,client_vm,0,100,default,vnf_fw,1000,100,,,,
32.0,client_vm,0,100,default,vnf_fw,1000,100,,,,
32.0,client_vm,0,100,default,vnf_fw,1000,100,,,,
32.0,client_vm,0,100,default,vnf_fw,1000,100,,,,
32.0,client_vm,0,100,default,vnf_fw,1000,100,,,,
32.0,client_vm,0,100,default,vnf_fw,1000,100,,,,
32.0,client_vm,0,100,default,vnf_fw,1000,100,,,,
32.0,client_vm,0,100,default,vnf_fw,1000,100,,,,
32.0,client_vm,0,100,default,vnf_fw,1000,100,,,,
32.0,client_vm,0,100,default,vnf_fw,1000,100,,,,
32.0,client_vm,0,100,default,vnf_fw,1000,100,,,,
32.0,client_vm,0,100,default,vnf_fw,1000,100,,,,
32.0,client_vm,0,100,default,vnf_fw,1000,100,,,,
32.0,client_vm,0,100,default,vnf_fw,1000,100,,,,
33.0,client_vm,0,100,default,vnf_fw,1000,100,,,,
33.0,client_vm,0,100,default,vnf_fw,1000,100,,,,
33.0,client_vm,0,100,default,vnf_fw,1000,100,,,,
33.0,client_vm,0,100,default,vnf_fw,1000,100,,,,
33.0,client_vm,0,100,default,vnf_fw,1000,100,,,,
33.0,client_vm,0,100,default,vnf_fw,1000,100,,,,
33.0,client_vm,0,100,default,vnf_fw,1000,100,,,,
33.0,client_vm,0,100,default,vnf_fw,1000,100,,,,
33.0,client_vm,0,100,default,vnf_fw,1000,100,,,,
33.0,client_vm,0,100,default,vnf_fw,1000,100,,,,
33.0,client_vm,0,100,default,vnf_fw,1000,100,,,,
33.0,client_vm,0,100,default,vnf_fw,1000,100,,,,
33.0,client_vm,0,100,default,vnf_fw,1000,100,,,,
33.0,client_vm,0,100,default,vnf_fw,1000,100,,,,
33.0,client_vm,0,100,default,vnf_fw,1000,100,,,,
34.0,client_vm,0,100,default,vnf_fw,1000,100,,,,
34.0,client_vm,0,100,default,vnf_fw,1000,100,,,,
34.0,client_vm,0,100,default,vnf_fw,1000,100,,,,
34.0,client_vm,0,100,default,vnf_fw,1000,100,,,,
34.0,client_vm,0,100,default,vnf_fw,1000,100,,,,
34.0,client_vm,0,100,default,vnf_fw,1000,100,,,,
34.0,client_vm,0,100,default,vnf_fw,1000,100,,,,
34.0,client_vm,0,100,default,vnf_fw,1000,100,,,,
34.0,client_vm,0,100,default,vnf_fw,1000,100,,,,
34.0,client_vm,0,100,default,vnf_fw,1000,100,,,,
34.0,client_vm,0,100,default,vnf_fw,1000,100,,,,
34.0,client_vm,0,100,default,vnf_fw,1000,100,,,,
34.0,client_vm,0,100,default,vnf_fw,1000,100,,,,
34.0,client_vm,0,100,default,vnf_fw,1000,100,,,,
34.0,client_vm,0,100,default,vnf_fw,1000,100,,,,
35.0,client_vm,0,100,default,vnf_fw,1000,100,,,,
35.0,client_vm,0,100,default,vnf_fw,1000,100,,,,
35.0,client_vm,0,100,default,vnf_fw,1000,100,,,,
35.0,client_vm,0,100,default,vnf_fw,1000,100,,,,
35.0,client_vm,0,100,default,vnf_fw,1000,100,,,,
35.0,client_vm,0,100,default,vnf_fw,1000,100,,,,
35.0,client_vm,0,100,default,vnf_fw,1000,100,,,,
35.0,client_vm,0,100,default,vnf_fw,1000,100,,,,
35.0,client_vm,0,100,default,vnf_fw,1000,100,,,,
35.0,client_vm,0,100,default,vnf_fw,1000,100,,,,
35.0,client_vm,0,100,default,vnf_fw,1000,100,,,,
35.0,client_vm,0,100,default,vnf_fw,1000,100,,,,
35.0,client_vm,0,100,default,vnf_fw,1000,100,,,,
35.0,client_vm,0,100,default,vnf_fw,1000,100,,,,
35.0,client_vm,0,100,default,vnf_fw,1000,100,,,,
36.0,client_vm,0,100,default,vnf_fw,1000,100,,,,
36.0,client_vm,0,100,default,vnf_fw,1000,100,,,,
36.0,client_vm,0,100,default,vnf_fw,1000,100,,,,
36.0,client_vm,0,100,default,vnf_fw,1000,100,,,,
36.0,client_vm,0,100,default,vnf_fw,1000,100,,,,
36.0,client_vm,0,100,default,vnf_fw,1000,100,,,,
36.0,client_vm,0,100,default,vnf_fw,1000,100,,,,
36.0,client_vm,0,100,default,vnf_fw,1000,100,,,,
36.0,client_vm,0,100,default,vnf_fw,1000,100,,,,
36.0,client_vm,0,100,default,vnf_fw,1000,100,,,,
36.0,client_vm,0,100,default,vnf_fw,1000,100,,,,
36.0,client_vm,0,100,default,vnf_fw,1000,100,,,,
36.0,client_vm,0,100,default,vnf_fw,1000,100,,,,
36.0,client_vm,0,100,default,vnf_fw,1000,100,,,,
36.0,client_vm,0,100,default,vnf_fw,1000,100,,,,
37.0,client_vm,0,100,default,vnf_fw,1000,100,,,,
37.0,client_vm,0,100,default,vnf_fw,1000,100,,,,
37.0,client_vm,0,100,default,vnf_fw,1000,100,,,,
37.0,client_vm,0,100,default,vnf_fw,1000,100,,,,
37.0,client_vm,0,100,default,vnf_fw,1000,100,,,,
37.0,client_vm,0,100,default,vnf_fw,1000,100,,,,
37.0,client_vm,0,100,default,vnf_fw,1000,100,,,,
37.0,client_vm,0,100,default,vnf_fw,1000,100,,,,
37.0,client_vm,0,100,default,vnf_fw,1000,100,,,,
37.0,client_vm,0,100,default,vnf_fw,1000,100,,,,
37.0,client_vm,0,100,default,vnf_fw,1000,100,,,,
37.0,client_vm,0,100,default,vnf_fw,1000,100,,,,
37.0,client_vm,0,100,default,vnf_fw,1000,100,,,,
37.0,client_vm,0,100,default,vnf_fw,1000,100,,,,
37.0,client_vm,0,100,default,vnf_fw,1000,100,,,,
38.0,client_vm,0,100,default,vnf_fw,1000,100,,,,
38.0,client_vm,0,100,default,vnf_fw,1000,100,,,,
38.0,client_vm,0,100,default,vnf_fw,1000,100,,,,
38.0,client_vm,0,100,default,vnf_fw,1000,100,,,,
38.0,client_vm,0,100,default,vnf_fw,1000,100,,,,
38.0,client_vm,0,100,default,vnf_fw,1000,100,,,,
38.0,client_vm,0,100,default,vnf_fw,1000,100,,,,
38.0,client_vm,0,100,default,vnf_fw,1000,100,,,,
38.0,client_vm,0,100,default,vnf_fw,1000,100,,,,
38.0,client_vm,0,100,default,vnf_fw,1000,100,,,,
38.0,client_vm,0,100,default,vnf_fw,1000,100,,,,
38.0,client_vm,0,100,default,vnf_fw,1000,100,,,,
38.0,client_vm,0,100,default,vnf_fw,1000,100,,,,
38.0,client_vm,0,100,default,vnf_fw,1000,100,,,,
38.0,client_vm,0,100,default,vnf_fw,1000,100,,,,
39.0,client_vm,0,100,default,vnf_fw,1000,100,,,,
39.0,client_vm,0,100,default,vnf_fw,1000,100,,,,
39.0,client_vm,0,100,default,vnf_fw,1000,100,,,,
39.0,client_vm,0,100,default,vnf_fw,1000,100,,,,
39.0,client_vm,0,100,default,vnf_fw,1000,100,,,,
39.0,client_vm,0,100,default,vnf_fw,1000,100,,,,
39.0,client_vm,0,100,default,vnf_fw,1000,100,,,,
39.0,client_vm,0,100,default,vnf_fw,1000,100,,,,
39.0,client_vm,0,100,default,vnf_fw,1000,100,,,,
39.0,client_vm,0,100,default,vnf_fw,1000,100,,,,
39.0,client_vm,0,100,default,vnf_fw,1000,100,,,,
39.0,client_vm,0,100,default,vnf_fw,1000,100,,,,
39.0,client_vm,0,100,default,vnf_fw,1000,100,,,,
39.0,client_vm,0,100,default,vnf_fw,1000,100,,,,
39.0,client_vm,0,100,default,vnf_fw,1000,100,,,,
40.0,client_vm,0,100,default,vnf_fw,1000,100,,,,
40.0,client_vm,0,100,default,vnf_fw,1000,100,,,,
40.0,client_vm,0,100,default,vnf_fw,1000,100,,,,
40.0,client_vm,0,100,default,vnf_fw,1000,100,,,,
40.0,client_vm,0,100,default,vnf_fw,1000,100,,,,
40.0,client_vm,0,100,default,vnf_fw,1000,100,,,,
40.0,client_vm,0,100,default,vnf_fw,1000,100,,,,
40.0,client_vm,0,100,default,vnf_fw,1000,100,,,,
40.0,client_vm,0,100,default,vnf_fw,1000,100,,,,
40.0,client_vm,0,100,default,vnf_fw,1000,100,,,,
40.0,client_vm,0,100,default,vnf_fw,1000,100,,,,
40.0,client_vm,0,100,default,vnf_fw,1000,100,,,,
40.0,client_vm,0,100,default,vnf_fw,1000,100,,,,
40.0,client_vm,0,100,default,vnf_fw,1000,100,,,,
40.0,client_vm,0,100,default,vnf_fw,1000,100,,,,